﻿{"name":"Contacts/employees.waPage/index.html","version":"1.0.0","loadDependencies":[{"id":"Desktop_Core","version":"1.0.0","type":"core"},{"id":"Widget/dataGrid","type":"widget"},{"id":"Widget/buttonImage","type":"widget"},{"id":"Widget/label","type":"widget"},{"id":"Widget/icon","type":"widget"},{"id":"Widget/richText","type":"widget"},{"id":"Widget/container","type":"widget"},{"id":"Widget/textField","type":"widget"},{"id":"default","type":"theme"},{"id":"employees.waPage/styles/index.css","path":"WEBFOLDER","type":"style"},{"id":"application.css","path":"WEBFOLDER","type":"style"}]}