﻿{"name":"Contacts/Untitled1.waPage/index.html","version":"1.0.0","loadDependencies":[{"id":"Desktop_Core","version":"1.0.0","type":"core"},{"id":"Widget/fileUpload","type":"widget"},{"id":"Widget/label","type":"widget"},{"id":"Widget/button","type":"widget"},{"id":"Widget/container","type":"widget"},{"id":"Widget/dataGrid","type":"widget"},{"id":"Widget/image","type":"widget"},{"id":"default","type":"theme"},{"id":"Untitled1.waPage/styles/index.css","path":"WEBFOLDER","type":"style"},{"id":"application.css","path":"WEBFOLDER","type":"style"}]}